"","Col1","Col2"
"1",2000,-0.107
"2",2000,NA
"3",2000,NA
"4",2000,0.408
"5",2000,-0.129
"6",2000,0.199
"7",2000,0.243
"8",2000,0.556
"9",2000,-0.078
"10",2000,-0.098
"11",2000,NA
"12",2000,NA
"13",2000,NA
"14",2000,-0.161
"15",2000,NA
"16",2000,0.278
"17",2000,0.405
"18",2000,0.396
"19",2000,-0.128
"20",2000,0.069
"21",2000,0.363
"22",2000,-0.126
"23",2000,-0.068
"24",2000,-0.089
"25",2000,-0.095
"26",2000,-0.09
"27",2000,-0.038
"28",2000,-0.005
"29",2000,0.114
"30",2000,-0.032
"31",2000,-0.063
"32",2000,NA
"33",2000,-0.089
"34",2000,-0.014
"35",2000,-0.129
"36",2000,-0.001
"37",2000,-0.147
"38",2000,-0.076
"39",2000,0.032
"40",2000,0.141
"41",2000,0.349
"42",2000,-0.014
"43",2000,-0.099
"44",2000,-0.142
"45",2000,-0.109
"46",2000,-0.109
"47",2000,0.107
"48",2000,-0.126
"49",2000,0.005
"50",2000,0.171
"51",2000,-0.197
"52",2000,-0.13
"53",2000,0.059
"54",2000,0.243
"55",2000,-0.162
"56",2000,-0.073
"57",2000,0.073
"58",2000,-0.129
"59",2000,0.004
"60",2000,-0.043
"61",2000,NA
"62",2000,-0.004
"63",2000,-0.091
"64",2000,-0.202
"65",2000,-0.072
"66",2000,0.095
"67",2000,-0.146
"68",2000,NA
"69",2000,NA
"70",2000,0.462
"71",2000,-0.207
"72",2000,-0.142
"73",2000,-0.032
"74",2000,0.224
"75",2000,-0.101
"76",2000,-0.043
"77",2000,0.181
"78",2000,-0.143
"79",2000,0.094
"80",2000,0.443
"81",2000,NA
"82",2000,0.025
"83",2001,0.013
"84",2001,0.046
"85",2001,0.405
"86",2001,NA
"87",2001,NA
"88",2001,NA
"89",2001,NA
"90",2001,0.687
"91",2001,NA
"92",2001,-0.098
"93",2001,-0.089
"94",2001,NA
"95",2001,0.038
"96",2001,0.18
"97",2001,-0.2
"98",2001,-0.193
"99",2001,-0.12
"100",2001,-0.03
"101",2001,-0.066
"102",2001,-0.128
"103",2001,-0.055
"104",2001,NA
"105",2001,-0.054
"106",2001,-0.001
"107",2001,NA
"108",2001,-0.138
"109",2001,-0.155
"110",2001,-0.036
"111",2001,0.025
"112",2001,NA
"113",2001,-0.046
"114",2001,-0.089
"115",2001,-0.153
"116",2001,NA
"117",2001,0.129
"118",2001,-0.039
"119",2001,NA
"120",2001,-0.048
"121",2001,-0.084
"122",2001,-0.088
"123",2001,-0.015
"124",2001,-0.016
"125",2001,0.179
"126",2001,0.137
"127",2001,-0.197
"128",2001,-0.09
"129",2001,-0.192
"130",2001,NA
"131",2001,0.016
"132",2001,-0.204
"133",2001,NA
"134",2001,-0.14
"135",2001,-0.004
"136",2001,0.104
"137",2001,-0.092
"138",2001,-0.207
"139",2001,NA
"140",2001,0.025
"141",2001,0.259
"142",2001,-0.132
"143",2001,0.001
"144",2001,0.216
"145",2001,-0.081
"146",2001,0.122
"147",2001,0.434
"148",2001,-0.093
"149",2001,-0.201
"150",2001,-0.066
"151",2001,0.146
"152",2001,-0.212
"153",2001,NA
"154",2001,-0.063
"155",2001,NA
"156",2001,0.16
"157",2001,NA
"158",2001,-0.15
"159",2001,-0.024
"160",2001,-0.141
"161",2001,-0.043
"162",2001,-0.219
"163",2001,0.182
"164",2001,-0.122
"165",2001,-0.045
"166",2001,-0.152
"167",2001,0.019
"168",2001,-0.106
"169",2001,-0.113
"170",2001,NA
"171",2001,NA
"172",2001,0.691
"173",2002,NA
"174",2002,NA
"175",2002,0.448
"176",2002,NA
"177",2002,NA
"178",2002,0.552
"179",2002,-0.014
"180",2002,0.028
"181",2002,0.387
"182",2002,0.045
"183",2002,-0.025
"184",2002,-0.126
"185",2002,0.142
"186",2002,0.481
"187",2002,-0.076
"188",2002,-0.05
"189",2002,-0.058
"190",2002,-0.044
"191",2002,-0.011
"192",2002,0.079
"193",2002,0.003
"194",2002,0.062
"195",2002,0.226
"196",2002,0.004
"197",2002,0.178
"198",2002,0.31
"199",2002,-0.019
"200",2002,-0.038
"201",2002,0.066
"202",2002,NA
"203",2002,-0.146
"204",2002,-0.13
"205",2002,0.031
"206",2002,-0.058
"207",2002,0.07
"208",2002,-0.084
"209",2002,-0.003
"210",2002,0.158
"211",2002,-0.099
"212",2002,0.11
"213",2002,0.307
"214",2002,-0.169
"215",2002,-0.079
"216",2002,-0.113
"217",2002,0.055
"218",2002,0.167
"219",2002,-0.184
"220",2002,-0.162
"221",2002,-0.111
"222",2002,0.069
"223",2002,0.259
"224",2002,-0.131
"225",2002,0.054
"226",2002,0.138
"227",2002,0.034
"228",2002,-0.077
"229",2002,-0.178
"230",2002,-0.157
"231",2002,-0.176
"232",2002,-0.073
"233",2002,0.087
"234",2002,-0.11
"235",2002,0.107
"236",2002,0.363
"237",2002,-0.125
"238",2002,0.006
"239",2002,0.083
"240",2002,-0.184
"241",2002,-0.197
"242",2002,-0.168
"243",2002,-0.053
"244",2002,-0.094
"245",2002,-0.181
"246",2002,-0.035
"247",2002,-0.11
"248",2002,0.14
"249",2002,0.182
"250",2002,0.422
"251",2002,0.226
"252",2002,NA
"253",2002,NA
"254",2002,NA
"255",2002,NA
"256",2002,NA
"257",2002,NA
"258",2002,NA
"259",2002,NA
"260",2002,NA
"261",2002,NA
"262",2002,0.723
"263",2002,NA
"264",2003,NA
"265",2003,NA
"266",2003,0.549
"267",2003,NA
"268",2003,NA
"269",2003,NA
"270",2003,NA
"271",2003,NA
"272",2003,NA
"273",2003,NA
"274",2003,NA
"275",2003,NA
"276",2003,NA
"277",2003,NA
"278",2003,NA
"279",2003,NA
"280",2003,NA
"281",2003,NA
"282",2003,0.276
"283",2003,0.343
"284",2003,0.18
"285",2003,0.315
"286",2003,0.707
"287",2003,-0.089
"288",2003,-0.117
"289",2003,NA
"290",2003,-0.162
"291",2003,NA
"292",2003,0.018
"293",2003,-0.209
"294",2003,-0.18
"295",2003,NA
"296",2003,-0.075
"297",2003,-0.022
"298",2003,-0.095
"299",2003,0.008
"300",2003,0.143
"301",2003,-0.085
"302",2003,-0.002
"303",2003,0.044
"304",2003,-0.12
"305",2003,-0.065
"306",2003,0.205
"307",2003,-0.023
"308",2003,-0.089
"309",2003,-0.167
"310",2003,-0.076
"311",2003,0.026
"312",2003,-0.051
"313",2003,-0.111
"314",2003,-0.121
"315",2003,0.123
"316",2003,-0.024
"317",2003,0.047
"318",2003,0.443
"319",2003,-0.037
"320",2003,-0.103
"321",2003,-0.116
"322",2003,0.005
"323",2003,0.093
"324",2003,0.346
"325",2003,0.097
"326",2003,-0.116
"327",2003,-0.153
"328",2003,-0.131
"329",2003,-0.066
"330",2003,-0.063
"331",2003,-0.174
"332",2003,0.169
"333",2003,0.442
"334",2003,-0.096
"335",2003,-0.119
"336",2003,-0.064
"337",2003,-0.052
"338",2003,0.127
"339",2003,-0.121
"340",2003,0.019
"341",2003,-0.077
"342",2003,0.58
"343",2003,0.181
"344",2004,NA
"345",2004,NA
"346",2004,NA
"347",2004,NA
"348",2004,-0.051
"349",2004,-0.119
"350",2004,0.101
"351",2004,0.109
"352",2004,0.214
"353",2004,-0.123
"354",2004,0.163
"355",2004,0.455
"356",2004,-0.163
"357",2004,0.017
"358",2004,NA
"359",2004,-0.198
"360",2004,-0.082
"361",2004,-0.117
"362",2004,-0.213
"363",2004,-0.076
"364",2004,0.099
"365",2004,-0.072
"366",2004,NA
"367",2004,-0.112
"368",2004,-0.03
"369",2004,0.144
"370",2004,-0.104
"371",2004,0.004
"372",2004,NA
"373",2004,-0.095
"374",2004,-0.124
"375",2004,-0.009
"376",2004,-0.064
"377",2004,-0.16
"378",2004,-0.087
"379",2004,0.009
"380",2004,-0.143
"381",2004,-0.016
"382",2004,NA
"383",2004,-0.145
"384",2004,0.071
"385",2004,0.275
"386",2004,-0.106
"387",2004,0.034
"388",2004,-0.148
"389",2004,-0.026
"390",2004,0.089
"391",2004,-0.213
"392",2004,-0.181
"393",2004,-0.155
"394",2004,NA
"395",2004,0.242
"396",2004,0.008
"397",2004,-0.08
"398",2004,NA
"399",2004,0.096
"400",2004,-0.038
"401",2004,0.068
"402",2004,-0.189
"403",2004,-0.163
"404",2004,-0.027
"405",2004,0.084
"406",2004,-0.201
"407",2004,-0.183
"408",2004,-0.133
"409",2004,-0.001
"410",2004,-0.093
"411",2004,0.065
"412",2004,-0.149
"413",2004,-0.158
"414",2004,-0.135
"415",2004,0.107
"416",2004,0.333
"417",2004,0.008
"418",2004,-0.094
"419",2004,-0.199
"420",2004,NA
"421",2004,0.065
"422",2004,-0.153
"423",2004,-0.025
"424",2004,0.049
"425",2004,-0.159
"426",2004,0.034
"427",2004,0.267
"428",2004,-0.182
"429",2004,-0.101
"430",2004,-0.16
"431",2004,-0.028
"432",2004,0.065
"433",2004,0.342
"434",2004,-0.198
"435",2004,-0.082
"436",2004,0.109
"437",2004,-0.173
"438",2004,-0.166
"439",2004,0.342
"440",2004,-0.034
"441",2004,-0.198
"442",2004,-0.091
"443",2004,0.089
"444",2004,-0.138
"445",2004,-0.175
"446",2004,-0.171
"447",2004,-0.168
"448",2004,NA
"449",2004,0.317
"450",2004,-0.052
"451",2004,-0.199
"452",2004,-0.08
"453",2004,0.146
"454",2004,0.382
"455",2004,-0.111
"456",2004,-0.195
"457",2004,-0.09
"458",2004,0.088
"459",2004,-0.042
"460",2004,0.117
"461",2004,-0.178
"462",2004,-0.178
"463",2004,-0.165
"464",2004,0.135
"465",2004,0.46
"466",2004,-0.079
"467",2004,-0.112
"468",2004,-0.184
"469",2004,-0.046
"470",2004,0.19
"471",2004,0.114
"472",2004,-0.095
"473",2004,0.15
"474",2004,-0.027
"475",2004,NA
"476",2004,0.225
"477",2004,-0.087
"478",2004,-0.025
"479",2004,0.116
"480",2004,NA
"481",2004,NA
"482",2004,NA
"483",2004,NA
"484",2004,NA
"485",2005,NA
"486",2005,NA
"487",2005,NA
"488",2005,NA
"489",2005,NA
"490",2005,NA
"491",2005,-0.108
"492",2005,NA
"493",2005,NA
"494",2005,NA
"495",2005,NA
"496",2005,0.453
"497",2005,NA
"498",2005,0.455
"499",2005,-0.026
"500",2005,-0.127
"501",2005,0.005
"502",2005,NA
"503",2005,-0.019
"504",2005,-0.023
"505",2005,0.434
"506",2005,-0.095
"507",2005,-0.111
"508",2005,0.142
"509",2005,-0.142
"510",2005,NA
"511",2005,NA
"512",2005,-0.115
"513",2005,-0.084
"514",2005,-0.098
"515",2005,0.08
"516",2005,NA
"517",2005,NA
"518",2005,-0.09
"519",2005,-0.043
"520",2005,0.057
"521",2005,-0.095
"522",2005,-0.006
"523",2005,0.083
"524",2005,-0.032
"525",2005,0.002
"526",2005,NA
"527",2005,-0.056
"528",2005,-0.101
"529",2005,-0.107
"530",2005,-0.053
"531",2005,NA
"532",2005,-0.106
"533",2005,-0.013
"534",2005,0.036
"535",2005,-0.078
"536",2005,-0.077
"537",2005,0.051
"538",2005,0.199
"539",2005,-0.031
"540",2005,-0.089
"541",2005,-0.117
"542",2005,NA
"543",2005,-0.115
"544",2005,-0.024
"545",2005,0.036
"546",2005,NA
"547",2005,-0.118
"548",2005,0.011
"549",2005,0.163
"550",2005,-0.093
"551",2005,-0.147
"552",2005,-0.09
"553",2005,0.009
"554",2005,-0.119
"555",2005,-0.007
"556",2005,0.012
"557",2005,-0.161
"558",2005,NA
"559",2005,0.019
"560",2005,-0.12
"561",2005,-0.1
"562",2005,-0.135
"563",2005,-0.159
"564",2005,-0.097
"565",2005,0.023
"566",2005,-0.122
"567",2005,-0.089
"568",2005,-0.111
"569",2005,-0.164
"570",2005,-0.087
"571",2005,0.043
"572",2005,-0.138
"573",2005,-0.017
"574",2005,0.052
"575",2005,-0.103
"576",2005,-0.096
"577",2005,-0.141
"578",2005,0.057
"579",2005,0.282
"580",2005,-0.004
"581",2005,-0.162
"582",2005,-0.059
"583",2005,0.092
"584",2005,-0.017
"585",2005,0.106
"586",2005,-0.123
"587",2005,-0.113
"588",2005,0.121
"589",2005,0.362
"590",2005,-0.012
"591",2005,-0.107
"592",2005,-0.145
"593",2005,-0.016
"594",2005,NA
"595",2005,0.274
"596",2005,-0.024
"597",2005,-0.105
"598",2005,-0.181
"599",2005,-0.08
"600",2005,0.128
"601",2005,-0.133
"602",2005,-0.131
"603",2005,-0.131
"604",2005,-0.133
"605",2005,NA
"606",2005,0.373
"607",2005,-0.029
"608",2005,-0.143
"609",2005,-0.149
"610",2005,-0.133
"611",2005,NA
"612",2005,0.32
"613",2005,NA
"614",2005,-0.138
"615",2005,0.08
"616",2005,0.368
"617",2005,NA
"618",2005,NA
"619",2005,-0.178
"620",2005,NA
"621",2005,0.162
"622",2005,-0.033
"623",2005,0.449
"624",2005,0.233
"625",2005,0.325
"626",2005,-0.061
"627",2005,-0.097
"628",2005,-0.165
"629",2005,-0.077
"630",2005,0.239
"631",2005,0.265
"632",2005,NA
"633",2005,0.225
"634",2005,0.496
"635",2006,NA
"636",2006,NA
"637",2006,0.326
"638",2006,0.748
"639",2006,NA
"640",2006,NA
"641",2006,NA
"642",2006,NA
"643",2006,NA
"644",2006,NA
"645",2006,0.017
"646",2006,0.036
"647",2006,0.294
"648",2006,NA
"649",2006,NA
"650",2006,NA
"651",2006,NA
"652",2006,NA
"653",2006,NA
"654",2006,NA
"655",2006,NA
"656",2006,NA
"657",2006,NA
"658",2006,NA
"659",2006,NA
"660",2006,0.455
"661",2006,NA
"662",2006,0.608
"663",2006,0.197
"664",2006,-0.037
"665",2006,-0.032
"666",2006,0.098
"667",2006,-0.143
"668",2006,0.035
"669",2006,0.177
"670",2006,-0.083
"671",2006,-0.107
"672",2006,-0.117
"673",2006,0.11
"674",2006,0.399
"675",2006,0.037
"676",2006,-0.037
"677",2006,-0.023
"678",2006,-0.126
"679",2006,0.119
"680",2006,0.4
"681",2006,NA
"682",2006,-0.093
"683",2006,NA
"684",2006,NA
"685",2006,-0.085
"686",2006,NA
"687",2006,NA
"688",2006,-0.041
"689",2006,0.134
"690",2006,-0.023
"691",2006,-0.051
"692",2006,-0.092
"693",2006,NA
"694",2006,0.253
"695",2006,-0.134
"696",2006,-0.048
"697",2006,NA
"698",2006,-0.125
"699",2006,-0.016
"700",2006,0.059
"701",2006,-0.078
"702",2006,-0.088
"703",2006,-0.123
"704",2006,0.009
"705",2006,0.18
"706",2006,-0.031
"707",2006,-0.088
"708",2006,-0.117
"709",2006,-0.058
"710",2006,0.066
"711",2006,-0.019
"712",2006,0.056
"713",2006,-0.086
"714",2006,-0.096
"715",2006,NA
"716",2006,NA
"717",2006,0.025
"718",2006,-0.137
"719",2006,-0.02
"720",2006,0.061
"721",2006,-0.094
"722",2006,-0.118
"723",2006,NA
"724",2006,0.265
"725",2006,-0.163
"726",2006,-0.102
"727",2006,-0.139
"728",2006,-0.029
"729",2006,0.041
"730",2006,-0.097
"731",2006,-0.027
"732",2006,NA
"733",2006,-0.08
"734",2006,0.065
"735",2006,-0.138
"736",2006,-0.026
"737",2006,0.021
"738",2006,-0.111
"739",2006,-0.123
"740",2006,NA
"741",2006,NA
"742",2006,0.273
"743",2006,-0.024
"744",2006,-0.141
"745",2006,-0.025
"746",2006,0.024
"747",2006,-0.111
"748",2006,-0.119
"749",2006,-0.129
"750",2006,0.035
"751",2006,0.236
"752",2006,-0.02
"753",2006,-0.094
"754",2006,-0.149
"755",2006,-0.085
"756",2006,NA
"757",2006,-0.132
"758",2006,-0.021
"759",2006,0.037
"760",2006,0.116
"761",2006,-0.173
"762",2006,-0.073
"763",2006,0.139
"764",2006,-0.143
"765",2006,-0.004
"766",2006,0.051
"767",2006,-0.12
"768",2006,-0.118
"769",2006,-0.125
"770",2006,0.058
"771",2006,0.314
"772",2006,-0.084
"773",2006,-0.089
"774",2006,-0.047
"775",2006,0.085
"776",2006,NA
"777",2006,-0.171
"778",2006,-0.051
"779",2006,0.168
"780",2006,-0.122
"781",2006,0.035
"782",2006,NA
"783",2006,-0.124
"784",2006,-0.052
"785",2006,-0.08
"786",2006,-0.026
"787",2006,0.095
"788",2006,NA
"789",2006,NA
"790",2006,NA
"791",2006,NA
"792",2006,NA
"793",2006,NA
"794",2006,NA
"795",2006,NA
"796",2007,0.191
"797",2007,NA
"798",2007,NA
"799",2007,NA
"800",2007,NA
"801",2007,NA
"802",2007,NA
"803",2007,0.44
"804",2007,NA
"805",2007,NA
"806",2007,0.557
"807",2007,NA
"808",2007,NA
"809",2007,0.471
"810",2007,NA
"811",2007,0.592
"812",2007,NA
"813",2007,0.523
"814",2007,0.033
"815",2007,NA
"816",2007,0.386
"817",2007,0.087
"818",2007,0.129
"819",2007,0.224
"820",2007,-0.086
"821",2007,-0.092
"822",2007,-0.185
"823",2007,-0.067
"824",2007,0.074
"825",2007,0.05
"826",2007,-0.117
"827",2007,-0.038
"828",2007,NA
"829",2007,-0.094
"830",2007,-0.009
"831",2007,0.068
"832",2007,0.003
"833",2007,0.017
"834",2007,-0.096
"835",2007,NA
"836",2007,NA
"837",2007,0.019
"838",2007,0.026
"839",2007,-0.035
"840",2007,NA
"841",2007,-0.097
"842",2007,-0.099
"843",2007,-0.04
"844",2007,0.039
"845",2007,-0.043
"846",2007,0.006
"847",2007,0.062
"848",2007,-0.092
"849",2007,-0.087
"850",2007,-0.084
"851",2007,NA
"852",2007,0.226
"853",2007,-0.027
"854",2007,-0.086
"855",2007,-0.111
"856",2007,-0.026
"857",2007,NA
"858",2007,-0.139
"859",2007,-0.11
"860",2007,-0.117
"861",2007,NA
"862",2007,0.242
"863",2007,-0.011
"864",2007,-0.085
"865",2007,-0.152
"866",2007,-0.09
"867",2007,0.004
"868",2007,-0.121
"869",2007,-0.009
"870",2007,0.063
"871",2007,-0.149
"872",2007,-0.129
"873",2007,-0.126
"874",2007,NA
"875",2007,0.261
"876",2007,-0.158
"877",2007,-0.146
"878",2007,-0.155
"879",2007,NA
"880",2007,0.083
"881",2007,-0.124
"882",2007,-0.005
"883",2007,0.052
"884",2007,-0.158
"885",2007,-0.15
"886",2007,-0.133
"887",2007,NA
"888",2007,0.249
"889",2007,-0.145
"890",2007,-0.021
"891",2007,0.025
"892",2007,-0.167
"893",2007,-0.156
"894",2007,-0.122
"895",2007,NA
"896",2007,0.291
"897",2007,-0.171
"898",2007,-0.071
"899",2007,0.096
"900",2007,-0.132
"901",2007,-0.019
"902",2007,NA
"903",2007,-0.165
"904",2007,NA
"905",2007,0.263
"906",2007,-0.009
"907",2007,-0.082
"908",2007,-0.167
"909",2007,NA
"910",2007,0.118
"911",2007,-0.128
"912",2007,-0.012
"913",2007,0.006
"914",2007,NA
"915",2007,-0.175
"916",2007,-0.08
"917",2007,0.13
"918",2007,-0.134
"919",2007,0.001
"920",2007,0.032
"921",2007,-0.12
"922",2007,NA
"923",2007,0.309
"924",2007,NA
"925",2007,-0.09
"926",2007,-0.051
"927",2007,-0.013
"928",2007,-0.157
"929",2007,-0.143
"930",2007,-0.114
"931",2007,NA
"932",2007,0.319
"933",2007,-0.067
"934",2007,NA
"935",2007,-0.18
"936",2007,-0.139
"937",2007,-0.029
"938",2007,-0.018
"939",2007,-0.167
"940",2007,-0.158
"941",2007,NA
"942",2007,NA
"943",2007,0.031
"944",2007,-0.05
"945",2007,NA
"946",2007,NA
"947",2007,NA
"948",2007,NA
"949",2007,NA
"950",2007,NA
"951",2008,NA
"952",2008,NA
"953",2008,NA
"954",2008,NA
"955",2008,NA
"956",2008,NA
"957",2008,NA
"958",2008,NA
"959",2008,NA
"960",2008,NA
"961",2008,0.044
"962",2008,0.058
"963",2008,0.063
"964",2008,-0.046
"965",2008,NA
"966",2008,0.102
"967",2008,NA
"968",2008,-0.156
"969",2008,-0.136
"970",2008,-0.105
"971",2008,-0.105
"972",2008,-0.156
"973",2008,-0.049
"974",2008,0.155
"975",2008,NA
"976",2008,NA
"977",2008,NA
"978",2008,-0.134
"979",2008,-0.097
"980",2008,-0.094
"981",2008,0.038
"982",2008,0.316
"983",2008,-0.101
"984",2008,-0.001
"985",2008,0.374
"986",2008,-0.136
"987",2008,-0.128
"988",2008,-0.03
"989",2008,-0.113
"990",2008,0.071
"991",2008,0.318
"992",2008,-0.074
"993",2008,NA
"994",2008,NA
"995",2008,0.037
"996",2008,-0.126
"997",2008,-0.03
"998",2008,0.02
"999",2008,NA
"1000",2008,NA
"1001",2008,0.294
"1002",2008,-0.043
"1003",2008,-0.053
"1004",2008,-0.136
"1005",2008,-0.084
"1006",2008,0.012
"1007",2008,-0.144
"1008",2008,-0.035
"1009",2008,0.006
"1010",2008,-0.129
"1011",2008,-0.002
"1012",2008,0.197
"1013",2008,-0.035
"1014",2008,-0.004
"1015",2008,-0.034
"1016",2008,0.007
"1017",2008,0.018
"1018",2008,0.245
"1019",2008,-0.144
"1020",2008,-0.096
"1021",2008,0.003
"1022",2008,-0.13
"1023",2008,-0.029
"1024",2008,-0.011
"1025",2008,-0.183
"1026",2008,-0.155
"1027",2008,NA
"1028",2008,-0.005
"1029",2008,0.215
"1030",2008,NA
"1031",2008,NA
"1032",2008,0.011
"1033",2008,-0.135
"1034",2008,-0.04
"1035",2008,-0.004
"1036",2008,NA
"1037",2008,0.043
"1038",2008,0.267
"1039",2008,-0.184
"1040",2008,NA
"1041",2008,0.015
"1042",2008,-0.115
"1043",2008,-0.029
"1044",2008,-0.013
"1045",2008,-0.178
"1046",2008,NA
"1047",2008,-0.128
"1048",2008,0.016
"1049",2008,0.225
"1050",2008,NA
"1051",2008,NA
"1052",2008,0.064
"1053",2008,-0.139
"1054",2008,-0.025
"1055",2008,-0.009
"1056",2008,-0.185
"1057",2008,-0.176
"1058",2008,NA
"1059",2008,0.249
"1060",2008,-0.037
"1061",2008,NA
"1062",2008,-0.141
"1063",2008,-0.028
"1064",2008,NA
"1065",2008,-0.188
"1066",2008,NA
"1067",2008,NA
"1068",2008,0.039
"1069",2008,0.258
"1070",2008,NA
"1071",2008,NA
"1072",2008,-0.11
"1073",2008,-0.011
"1074",2008,-0.192
"1075",2008,-0.173
"1076",2008,-0.134
"1077",2008,0.028
"1078",2008,0.277
"1079",2008,-0.057
"1080",2008,NA
"1081",2008,-0.065
"1082",2008,-0.099
"1083",2008,-0.221
"1084",2008,-0.079
"1085",2008,0.135
"1086",2008,0.019
"1087",2008,-0.207
"1088",2008,-0.179
"1089",2008,-0.22
"1090",2008,-0.079
"1091",2008,0.131
"1092",2008,-0.21
"1093",2008,-0.186
"1094",2008,-0.074
"1095",2008,0.005
"1096",2008,0.143
"1097",2008,0.042
"1098",2008,-0.223
"1099",2008,-0.196
"1100",2008,-0.141
"1101",2008,NA
"1102",2008,0.278
"1103",2008,-0.062
"1104",2008,-0.09
"1105",2009,NA
"1106",2009,NA
"1107",2009,NA
"1108",2009,NA
"1109",2009,NA
"1110",2009,0.525
"1111",2009,NA
"1112",2009,0.175
"1113",2009,NA
"1114",2009,NA
"1115",2009,NA
"1116",2009,NA
"1117",2009,NA
"1118",2009,NA
"1119",2009,NA
"1120",2009,NA
"1121",2009,0.408
"1122",2009,NA
"1123",2009,NA
"1124",2009,0.55
"1125",2009,NA
"1126",2009,NA
"1127",2009,NA
"1128",2009,-0.168
"1129",2009,-0.054
"1130",2009,0.132
"1131",2009,-0.195
"1132",2009,-0.152
"1133",2009,-0.118
"1134",2009,-0.106
"1135",2009,0.082
"1136",2009,-0.113
"1137",2009,-0.009
"1138",2009,NA
"1139",2009,-0.086
"1140",2009,-0.093
"1141",2009,-0.073
"1142",2009,0.025
"1143",2009,NA
"1144",2009,-0.104
"1145",2009,NA
"1146",2009,-0.063
"1147",2009,0.037
"1148",2009,NA
"1149",2009,NA
"1150",2009,-0.092
"1151",2009,NA
"1152",2009,-0.069
"1153",2009,-0.015
"1154",2009,0.028
"1155",2009,-0.096
"1156",2009,-0.06
"1157",2009,-0.067
"1158",2009,NA
"1159",2009,0.076
"1160",2009,-0.1
"1161",2009,-0.039
"1162",2009,0.011
"1163",2009,-0.098
"1164",2009,NA
"1165",2009,0.243
"1166",2009,-0.162
"1167",2009,NA
"1168",2009,0.01
"1169",2009,-0.117
"1170",2009,-0.033
"1171",2009,-0.003
"1172",2009,-0.167
"1173",2009,NA
"1174",2009,0.02
"1175",2009,0.188
"1176",2009,-0.027
"1177",2009,-0.089
"1178",2009,-0.138
"1179",2009,-0.09
"1180",2009,NA
"1181",2009,-0.123
"1182",2009,-0.01
"1183",2009,-0.012
"1184",2009,0.017
"1185",2009,0.192
"1186",2009,-0.02
"1187",2009,-0.085
"1188",2009,NA
"1189",2009,NA
"1190",2009,0.012
"1191",2009,NA
"1192",2009,-0.023
"1193",2009,NA
"1194",2009,-0.17
"1195",2009,NA
"1196",2009,0.012
"1197",2009,0.164
"1198",2009,NA
"1199",2009,NA
"1200",2009,0.024
"1201",2009,NA
"1202",2009,NA
"1203",2009,0.002
"1204",2009,0.217
"1205",2009,-0.186
"1206",2009,-0.087
"1207",2009,0.042
"1208",2009,-0.065
"1209",2009,0.148
"1210",2009,0.223
"1211",2009,-0.149
"1212",2009,-0.059
"1213",2009,0.152
"1214",2009,-0.019
"1215",2009,0.161
"1216",2009,-0.145
"1217",2009,-0.014
"1218",2009,NA
"1219",2009,-0.12
"1220",2009,0.042
"1221",2009,0.25
"1222",2009,-0.064
"1223",2009,-0.1
"1224",2009,-0.176
"1225",2009,-0.079
"1226",2009,0.104
"1227",2009,-0.149
"1228",2009,-0.039
"1229",2009,NA
"1230",2009,-0.176
"1231",2009,-0.076
"1232",2009,-0.093
"1233",2009,-0.197
"1234",2009,-0.172
"1235",2009,-0.131
"1236",2009,0.027
"1237",2009,0.24
"1238",2009,-0.091
"1239",2009,-0.107
"1240",2009,-0.209
"1241",2009,NA
"1242",2009,0.115
"1243",2009,-0.204
"1244",2009,-0.164
"1245",2009,-0.055
"1246",2009,NA
"1247",2009,NA
"1248",2009,NA
"1249",2009,NA
"1250",2009,NA
"1251",2010,0.722
"1252",2010,NA
"1253",2010,NA
"1254",2010,NA
"1255",2010,NA
"1256",2010,NA
"1257",2010,NA
"1258",2010,NA
"1259",2010,NA
"1260",2010,NA
"1261",2010,NA
"1262",2010,0.099
"1263",2010,NA
"1264",2010,NA
"1265",2010,0.248
"1266",2010,-0.208
"1267",2010,-0.099
"1268",2010,0.114
"1269",2010,-0.145
"1270",2010,0.041
"1271",2010,NA
"1272",2010,-0.199
"1273",2010,NA
"1274",2010,-0.115
"1275",2010,NA
"1276",2010,-0.123
"1277",2010,-0.129
"1278",2010,-0.106
"1279",2010,-0.116
"1280",2010,-0.046
"1281",2010,0.159
"1282",2010,-0.082
"1283",2010,-0.007
"1284",2010,NA
"1285",2010,0.107
"1286",2010,-0.084
"1287",2010,-0.015
"1288",2010,NA
"1289",2010,-0.123
"1290",2010,0.058
"1291",2010,0.254
"1292",2010,-0.018
"1293",2010,-0.147
"1294",2010,NA
"1295",2010,0.059
"1296",2010,0.036
"1297",2010,-0.14
"1298",2010,-0.112
"1299",2010,-0.116
"1300",2010,0.025
"1301",2010,-0.002
"1302",2010,-0.16
"1303",2010,NA
"1304",2010,0.008
"1305",2010,0.014
"1306",2010,NA
"1307",2010,0.032
"1308",2010,NA
"1309",2010,0.007
"1310",2010,-0.074
"1311",2010,-0.013
"1312",2010,0.015
"1313",2010,NA
"1314",2010,NA
"1315",2010,NA
"1316",2010,0.089
"1317",2010,0.273
"1318",2010,0.01
"1319",2010,-0.082
"1320",2010,-0.167
"1321",2010,NA
"1322",2010,0.012
"1323",2010,0
"1324",2010,NA
"1325",2010,NA
"1326",2010,NA
"1327",2010,NA
"1328",2010,NA
"1329",2010,NA
"1330",2010,NA
"1331",2010,NA
"1332",2010,NA
"1333",2010,NA
"1334",2010,NA
"1335",2010,0.002
"1336",2010,NA
"1337",2010,-0.17
"1338",2010,NA
"1339",2010,-0.123
"1340",2010,NA
"1341",2010,0.254
"1342",2010,0.005
"1343",2010,-0.086
"1344",2010,NA
"1345",2010,NA
"1346",2010,0.011
"1347",2010,-0.145
"1348",2010,-0.003
"1349",2010,NA
"1350",2010,-0.133
"1351",2010,NA
"1352",2010,0.244
"1353",2010,0.011
"1354",2010,-0.089
"1355",2010,NA
"1356",2010,NA
"1357",2010,0.075
"1358",2010,-0.148
"1359",2010,NA
"1360",2010,NA
"1361",2010,-0.112
"1362",2010,NA
"1363",2010,0.26
"1364",2010,-0.019
"1365",2010,-0.093
"1366",2010,-0.065
"1367",2010,-0.161
"1368",2010,NA
"1369",2010,-0.145
"1370",2010,-0.141
"1371",2010,0.227
"1372",2010,0.339
"1373",2010,NA
"1374",2010,0.722
"1375",2010,NA
"1376",2010,NA
"1377",2010,NA
"1378",2010,NA
"1379",2010,NA
"1380",2010,NA
"1381",2010,NA
"1382",2010,NA
"1383",2010,NA
"1384",2010,NA
"1385",2010,0.099
"1386",2010,NA
"1387",2010,NA
"1388",2010,0.248
"1389",2010,-0.208
"1390",2010,-0.099
"1391",2010,0.114
"1392",2010,-0.145
"1393",2010,0.041
"1394",2010,NA
"1395",2010,-0.199
"1396",2010,NA
"1397",2010,-0.115
"1398",2010,NA
"1399",2010,-0.123
"1400",2010,-0.129
"1401",2010,-0.106
"1402",2010,-0.116
"1403",2010,-0.046
"1404",2010,0.159
"1405",2010,-0.082
"1406",2010,-0.007
"1407",2010,NA
"1408",2010,0.107
"1409",2010,-0.084
"1410",2010,-0.015
"1411",2010,NA
"1412",2010,-0.123
"1413",2010,0.058
"1414",2010,0.254
"1415",2010,-0.018
"1416",2010,-0.147
"1417",2010,NA
"1418",2010,0.059
"1419",2010,0.036
"1420",2010,-0.14
"1421",2010,-0.112
"1422",2010,-0.116
"1423",2010,0.025
"1424",2010,-0.002
"1425",2010,-0.16
"1426",2010,NA
"1427",2010,0.008
"1428",2010,0.014
"1429",2010,NA
"1430",2010,0.032
"1431",2010,NA
"1432",2010,0.007
"1433",2010,-0.074
"1434",2010,-0.013
"1435",2010,0.015
"1436",2010,NA
"1437",2010,NA
"1438",2010,NA
"1439",2010,0.089
"1440",2010,0.273
"1441",2010,0.01
"1442",2010,-0.082
"1443",2010,-0.167
"1444",2010,NA
"1445",2010,0.012
"1446",2010,0
"1447",2010,NA
"1448",2010,NA
"1449",2010,NA
"1450",2010,NA
"1451",2010,NA
"1452",2010,NA
"1453",2010,NA
"1454",2010,NA
"1455",2010,NA
"1456",2010,NA
"1457",2010,NA
"1458",2010,0.002
"1459",2010,NA
"1460",2010,-0.17
"1461",2010,NA
"1462",2010,-0.123
"1463",2010,NA
"1464",2010,0.254
"1465",2010,0.005
"1466",2010,-0.086
"1467",2010,NA
"1468",2010,NA
"1469",2010,0.011
"1470",2010,-0.145
"1471",2010,-0.003
"1472",2010,NA
"1473",2010,-0.133
"1474",2010,NA
"1475",2010,0.244
"1476",2010,0.011
"1477",2010,-0.089
"1478",2010,NA
"1479",2010,NA
"1480",2010,0.075
"1481",2010,-0.148
"1482",2010,NA
"1483",2010,NA
"1484",2010,-0.112
"1485",2010,NA
"1486",2010,0.26
"1487",2010,-0.019
"1488",2010,-0.093
"1489",2010,-0.065
"1490",2010,-0.161
"1491",2010,NA
"1492",2010,-0.145
"1493",2010,-0.141
"1494",2010,0.227
"1495",2010,0.339
"1496",2010,NA
"1497",2011,0.038
"1498",2011,NA
"1499",2011,-0.183
"1500",2011,NA
"1501",2011,NA
"1502",2011,NA
"1503",2011,NA
"1504",2011,NA
"1505",2011,NA
"1506",2011,NA
"1507",2011,NA
"1508",2011,0.246
"1509",2011,0.064
"1510",2011,-0.195
"1511",2011,-0.09
"1512",2011,0.106
"1513",2011,0.013
"1514",2011,0.023
"1515",2011,-0.198
"1516",2011,NA
"1517",2011,-0.123
"1518",2011,NA
"1519",2011,NA
"1520",2011,NA
"1521",2011,-0.118
"1522",2011,0.022
"1523",2011,NA
"1524",2011,0.036
"1525",2011,-0.092
"1526",2011,0.057
"1527",2011,NA
"1528",2011,-0.117
"1529",2011,0.044
"1530",2011,0.203
"1531",2011,-0.078
"1532",2011,NA
"1533",2011,0.002
"1534",2011,-0.15
"1535",2011,-0.133
"1536",2011,-0.141
"1537",2011,0.017
"1538",2011,0.177
"1539",2011,-0.047
"1540",2011,-0.088
"1541",2011,-0.132
"1542",2011,-0.071
"1543",2011,0.004
"1544",2011,-0.093
"1545",2011,NA
"1546",2011,-0.009
"1547",2011,0.1
"1548",2011,-0.028
"1549",2011,-0.079
"1550",2011,-0.19
"1551",2011,NA
"1552",2011,0.015
"1553",2011,0.011
"1554",2011,0.16
"1555",2011,-0.021
"1556",2011,-0.09
"1557",2011,-0.194
"1558",2011,NA
"1559",2011,0.014
"1560",2011,-0.005
"1561",2011,-0.098
"1562",2011,-0.193
"1563",2011,-0.111
"1564",2011,NA
"1565",2011,-0.152
"1566",2011,-0.049
"1567",2011,-0.032
"1568",2011,NA
"1569",2011,0.022
"1570",2011,0.165
"1571",2011,-0.187
"1572",2011,-0.115
"1573",2011,NA
"1574",2011,-0.151
"1575",2011,-0.037
"1576",2011,-0.039
"1577",2011,-0.139
"1578",2011,0.001
"1579",2011,NA
"1580",2011,-0.088
"1581",2011,-0.003
"1582",2011,-0.094
"1583",2011,0.088
"1584",2011,NA
"1585",2011,-0.186
"1586",2011,-0.169
"1587",2011,NA
"1588",2011,-0.036
"1589",2011,-0.099
"1590",2011,-0.204
"1591",2011,NA
"1592",2011,NA
"1593",2011,-0.158
"1594",2011,-0.032
"1595",2011,NA
"1596",2011,-0.187
"1597",2011,-0.173
"1598",2011,0.037
"1599",2011,NA
"1600",2011,-0.098
"1601",2011,-0.12
"1602",2011,-0.146
"1603",2011,-0.023
"1604",2011,NA
"1605",2011,-0.137
"1606",2011,0.026
"1607",2011,NA
"1608",2011,-0.201
"1609",2011,-0.079
"1610",2011,0.109
"1611",2011,-0.031
"1612",2011,-0.059
"1613",2011,-0.191
"1614",2011,-0.178
"1615",2011,-0.106
"1616",2011,-0.089
"1617",2011,-0.11
"1618",2011,NA
"1619",2011,NA
"1620",2011,NA
"1621",2011,NA
"1622",2011,NA
"1623",2011,NA
"1624",2011,NA
"1625",2011,NA
"1626",2011,NA
"1627",2011,NA
"1628",2011,NA
"1629",2011,NA
"1630",2011,NA
"1631",2011,NA
"1632",2011,NA
"1633",2011,NA
"1634",2011,NA
"1635",2011,0.501
"1636",2011,NA
"1637",2011,NA
"1638",2011,0.542
"1639",2012,NA
"1640",2012,NA
"1641",2012,NA
"1642",2012,NA
"1643",2012,NA
"1644",2012,NA
"1645",2012,NA
"1646",2012,NA
"1647",2012,NA
"1648",2012,NA
"1649",2012,NA
"1650",2012,NA
"1651",2012,NA
"1652",2012,NA
"1653",2012,NA
"1654",2012,NA
"1655",2012,NA
"1656",2012,NA
"1657",2012,NA
"1658",2012,NA
"1659",2012,NA
"1660",2012,NA
"1661",2012,NA
"1662",2012,NA
"1663",2012,NA
"1664",2012,NA
"1665",2012,NA
"1666",2012,NA
"1667",2012,NA
"1668",2012,NA
"1669",2012,NA
"1670",2012,NA
"1671",2012,NA
"1672",2012,0.472
"1673",2012,-0.085
"1674",2012,-0.115
"1675",2012,-0.107
"1676",2012,0.044
"1677",2012,0.11
"1678",2012,-0.123
"1679",2012,-0.133
"1680",2012,-0.114
"1681",2012,NA
"1682",2012,NA
"1683",2012,-0.073
"1684",2012,-0.104
"1685",2012,-0.143
"1686",2012,-0.079
"1687",2012,0.081
"1688",2012,NA
"1689",2012,NA
"1690",2012,-0.007
"1691",2012,-0.099
"1692",2012,-0.08
"1693",2012,-0.082
"1694",2012,0.049
"1695",2012,NA
"1696",2012,-0.053
"1697",2012,NA
"1698",2012,-0.082
"1699",2012,-0.039
"1700",2012,0.081
"1701",2012,-0.054
"1702",2012,0.021
"1703",2012,0.069
"1704",2012,-0.077
"1705",2012,-0.063
"1706",2012,-0.07
"1707",2012,NA
"1708",2012,0.209
"1709",2012,0.005
"1710",2012,NA
"1711",2012,-0.12
"1712",2012,-0.062
"1713",2012,0.094
"1714",2012,-0.074
"1715",2012,-0.005
"1716",2012,0.018
"1717",2012,-0.088
"1718",2012,-0.102
"1719",2012,0.037
"1720",2012,NA
"1721",2012,-0.028
"1722",2012,-0.084
"1723",2012,NA
"1724",2012,-0.108
"1725",2012,-0.024
"1726",2012,-0.018
"1727",2012,-0.094
"1728",2012,-0.015
"1729",2012,-0.111
"1730",2012,0.015
"1731",2012,NA
"1732",2012,-0.092
"1733",2012,-0.011
"1734",2012,NA
"1735",2012,-0.141
"1736",2012,-0.138
"1737",2012,NA
"1738",2012,0.006
"1739",2012,0.179
"1740",2012,-0.011
"1741",2012,-0.094
"1742",2012,-0.122
"1743",2012,-0.014
"1744",2012,-0.043
"1745",2012,-0.126
"1746",2012,NA
"1747",2012,0.029
"1748",2012,0.157
"1749",2012,-0.007
"1750",2012,-0.089
"1751",2012,NA
"1752",2012,NA
"1753",2012,0.005
"1754",2012,NA
"1755",2012,-0.012
"1756",2012,-0.025
"1757",2012,-0.146
"1758",2012,NA
"1759",2012,-0.098
"1760",2012,0.021
"1761",2012,0.23
"1762",2012,-0.008
"1763",2012,-0.093
"1764",2012,-0.162
"1765",2012,NA
"1766",2012,0.02
"1767",2012,0.005
"1768",2012,NA
"1769",2012,0.006
"1770",2012,0.157
"1771",2012,-0.002
"1772",2012,-0.09
"1773",2012,-0.173
"1774",2012,NA
"1775",2012,NA
"1776",2012,0.002
"1777",2012,-0.021
"1778",2012,-0.147
"1779",2012,NA
"1780",2012,-0.114
"1781",2012,0.019
"1782",2012,0.141
"1783",2012,-0.009
"1784",2012,-0.087
"1785",2012,NA
"1786",2012,NA
"1787",2012,0.053
"1788",2012,-0.039
"1789",2012,-0.156
"1790",2012,NA
"1791",2012,-0.016
"1792",2012,-0.097
"1793",2012,-0.177
"1794",2012,NA
"1795",2012,0.079
"1796",2012,-0.004
"1797",2012,-0.048
"1798",2012,NA
"1799",2012,NA
"1800",2012,NA
"1801",2012,NA
"1802",2012,-0.183
"1803",2012,NA
"1804",2012,NA
"1805",2012,-0.115
"1806",2012,NA
"1807",2012,NA
"1808",2012,-0.099
"1809",2012,0.064
"1810",2012,0.239
"1811",2012,-0.019
"1812",2012,NA
"1813",2012,-0.058
"1814",2012,-0.006
"1815",2012,-0.118
"1816",2012,NA
"1817",2012,-0.063
"1818",2012,-0.159
"1819",2012,-0.147
"1820",2012,-0.103
"1821",2012,0.075
"1822",2012,NA
"1823",2012,-0.029
"1824",2012,-0.032
"1825",2012,-0.067
"1826",2012,NA
"1827",2012,-0.071
"1828",2012,0.044
"1829",2012,0.104
"1830",2012,-0.052
"1831",2012,-0.091
"1832",2012,NA
"1833",2012,NA
"1834",2012,0.102
"1835",2012,-0.173
"1836",2012,NA
"1837",2012,NA
"1838",2012,-0.102
"1839",2012,0.051
"1840",2012,0.015
"1841",2012,-0.153
"1842",2012,-0.14
"1843",2012,NA
"1844",2012,NA
"1845",2012,NA
"1846",2013,NA
"1847",2013,NA
"1848",2013,NA
"1849",2013,NA
"1850",2013,NA
"1851",2013,NA
"1852",2013,NA
"1853",2013,NA
"1854",2013,NA
"1855",2013,NA
"1856",2013,NA
"1857",2013,0.189
"1858",2013,0.143
"1859",2013,0.443
"1860",2013,NA
"1861",2013,NA
"1862",2013,0.21
"1863",2013,-0.133
"1864",2013,-0.01
"1865",2013,NA
"1866",2013,NA
"1867",2013,NA
"1868",2013,0.013
"1869",2013,-0.018
"1870",2013,NA
"1871",2013,-0.028
"1872",2013,0.151
"1873",2013,0.392
"1874",2013,NA
"1875",2013,NA
"1876",2013,-0.203
"1877",2013,NA
"1878",2013,NA
"1879",2013,-0.141
"1880",2013,-0.101
"1881",2013,NA
"1882",2013,NA
"1883",2013,-0.087
"1884",2013,NA
"1885",2013,-0.181
"1886",2013,NA
"1887",2013,0.098
"1888",2013,NA
"1889",2013,NA
"1890",2013,NA
"1891",2013,-0.149
"1892",2013,NA
"1893",2013,-0.044
"1894",2013,NA
"1895",2013,NA
"1896",2013,NA
"1897",2013,0.523
"1898",2013,NA
"1899",2013,-0.125
"1900",2013,NA
"1901",2013,NA
"1902",2013,-0.054
"1903",2013,0.012
"1904",2013,NA
"1905",2013,-0.13
"1906",2013,NA
"1907",2013,NA
"1908",2013,0.054
"1909",2013,0.261
"1910",2013,-0.073
"1911",2013,-0.055
"1912",2013,-0.015
"1913",2013,0.078
"1914",2013,-0.101
"1915",2013,-0.02
"1916",2013,-0.136
"1917",2013,NA
"1918",2013,-0.155
"1919",2013,NA
"1920",2013,0.032
"1921",2013,-0.004
"1922",2013,NA
"1923",2013,-0.171
"1924",2013,NA
"1925",2013,-0.128
"1926",2013,0.055
"1927",2013,0.16
"1928",2013,0.004
"1929",2013,-0.058
"1930",2013,-0.082
"1931",2013,0.001
"1932",2013,NA
"1933",2013,NA
"1934",2013,NA
"1935",2013,NA
"1936",2013,0.075
"1937",2013,0.001
"1938",2013,-0.074
"1939",2013,-0.158
"1940",2013,NA
"1941",2013,-0.034
"1942",2013,-0.071
"1943",2013,-0.037
"1944",2013,-0.028
"1945",2013,-0.185
"1946",2013,-0.152
"1947",2013,NA
"1948",2013,0.047
"1949",2013,0.169
"1950",2013,0.004
"1951",2013,-0.078
"1952",2013,-0.137
"1953",2013,-0.138
"1954",2013,0.009
"1955",2013,NA
"1956",2013,-0.18
"1957",2013,NA
"1958",2013,NA
"1959",2013,0.022
"1960",2013,0.129
"1961",2013,0.037
"1962",2013,-0.072
"1963",2013,-0.184
"1964",2013,-0.068
"1965",2013,NA
"1966",2013,-0.133
"1967",2013,-0.028
"1968",2013,-0.042
"1969",2013,-0.174
"1970",2013,-0.156
"1971",2013,-0.125
"1972",2013,0.023
"1973",2013,0.151
"1974",2013,-0.013
"1975",2013,NA
"1976",2013,-0.173
"1977",2013,-0.084
"1978",2013,NA
"1979",2013,NA
"1980",2013,-0.018
"1981",2013,-0.074
"1982",2013,-0.112
"1983",2013,0.016
"1984",2013,0.106
"1985",2013,-0.002
"1986",2013,NA
"1987",2013,-0.207
"1988",2013,NA
"1989",2013,NA
"1990",2013,-0.141
"1991",2013,-0.197
"1992",2013,-0.166
"1993",2013,NA
"1994",2013,NA
"1995",2013,0.143
"1996",2013,NA
"1997",2013,-0.212
"1998",2013,-0.084
"1999",2013,0.089
"2000",2013,-0.145
"2001",2013,NA
"2002",2013,NA
"2003",2013,-0.198
"2004",2013,-0.162
"2005",2013,-0.135
"2006",2013,0.031
"2007",2013,0.161
"2008",2013,-0.078
"2009",2013,-0.092
"2010",2013,-0.205
"2011",2013,-0.078
"2012",2013,0.093
"2013",2013,-0.203
"2014",2013,-0.167
"2015",2013,-0.126
"2016",2013,NA
"2017",2013,0.178
"2018",2013,NA
"2019",2013,0.709
"2020",2013,NA
"2021",2013,-0.016
"2022",2013,-0.028
"2023",2013,NA
"2024",2013,NA
"2025",2013,NA
"2026",2013,NA
"2027",2013,NA
"2028",2013,NA
"2029",2013,0.181
"2030",2014,NA
"2031",2014,NA
"2032",2014,NA
"2033",2014,NA
"2034",2014,NA
"2035",2014,NA
"2036",2014,NA
"2037",2014,NA
"2038",2014,NA
"2039",2014,NA
"2040",2014,NA
"2041",2014,NA
"2042",2014,NA
"2043",2014,NA
"2044",2014,NA
"2045",2014,NA
"2046",2014,NA
"2047",2014,NA
"2048",2014,NA
"2049",2014,NA
"2050",2014,NA
"2051",2014,NA
"2052",2014,NA
"2053",2014,NA
"2054",2014,NA
"2055",2014,NA
"2056",2014,NA
"2057",2014,NA
"2058",2014,NA
"2059",2014,NA
"2060",2014,NA
"2061",2014,NA
"2062",2014,NA
"2063",2014,NA
"2064",2014,NA
"2065",2014,NA
"2066",2014,NA
"2067",2014,-0.066
"2068",2014,-0.026
"2069",2014,0.206
"2070",2014,-0.144
"2071",2014,-0.011
"2072",2014,NA
"2073",2014,-0.126
"2074",2014,-0.113
"2075",2014,-0.075
"2076",2014,0.108
"2077",2014,NA
"2078",2014,-0.105
"2079",2014,0.027
"2080",2014,0.041
"2081",2014,-0.159
"2082",2014,NA
"2083",2014,NA
"2084",2014,NA
"2085",2014,0.309
"2086",2014,NA
"2087",2014,NA
"2088",2014,NA
"2089",2014,-0.077
"2090",2014,-0.055
"2091",2014,NA
"2092",2014,-0.091
"2093",2014,NA
"2094",2014,-0.087
"2095",2014,NA
"2096",2014,0.188
"2097",2014,-0.137
"2098",2014,-0.081
"2099",2014,NA
"2100",2014,NA
"2101",2014,-0.029
"2102",2014,NA
"2103",2014,-0.109
"2104",2014,-0.1
"2105",2014,NA
"2106",2014,0.004
"2107",2014,NA
"2108",2014,-0.142
"2109",2014,NA
"2110",2014,0.061
"2111",2014,-0.124
"2112",2014,-0.024
"2113",2014,NA
"2114",2014,-0.15
"2115",2014,-0.125
"2116",2014,NA
"2117",2014,-0.004
"2118",2014,0.137
"2119",2014,-0.167
"2120",2014,-0.098
"2121",2014,NA
"2122",2014,-0.099
"2123",2014,-0.037
"2124",2014,-0.133
"2125",2014,-0.016
"2126",2014,0.098
"2127",2014,-0.036
"2128",2014,-0.061
"2129",2014,-0.165
"2130",2014,-0.075
"2131",2014,0.018
"2132",2014,-0.164
"2133",2014,NA
"2134",2014,NA
"2135",2014,-0.015
"2136",2014,NA
"2137",2014,-0.012
"2138",2014,-0.067
"2139",2014,NA
"2140",2014,NA
"2141",2014,-0.006
"2142",2014,-0.103
"2143",2014,-0.125
"2144",2014,-0.019
"2145",2014,0.073
"2146",2014,NA
"2147",2014,-0.179
"2148",2014,NA
"2149",2014,NA
"2150",2014,-0.129
"2151",2014,-0.121
"2152",2014,-0.008
"2153",2014,-0.071
"2154",2014,-0.125
"2155",2014,-0.085
"2156",2014,0.006
"2157",2014,-0.16
"2158",2014,NA
"2159",2014,-0.01
"2160",2014,-0.069
"2161",2014,-0.179
"2162",2014,NA
"2163",2014,NA
"2164",2014,-0.164
"2165",2014,NA
"2166",2014,-0.016
"2167",2014,-0.074
"2168",2014,-0.17
"2169",2014,NA
"2170",2014,0.034
"2171",2014,-0.145
"2172",2014,-0.021
"2173",2014,NA
"2174",2014,-0.092
"2175",2014,NA
"2176",2014,-0.035
"2177",2014,NA
"2178",2014,-0.142
"2179",2014,-0.143
"2180",2014,-0.181
"2181",2014,NA
"2182",2014,0.049
"2183",2014,-0.132
"2184",2014,-0.073
"2185",2014,-0.056
"2186",2014,NA
"2187",2014,-0.101
"2188",2014,0.247
"2189",2014,NA
"2190",2014,NA
"2191",2014,-0.187
"2192",2014,-0.071
"2193",2014,0.108
"2194",2014,-0.096
"2195",2014,-0.003
"2196",2014,0.02
"2197",2014,-0.11
"2198",2014,-0.093
"2199",2014,0
"2200",2014,NA
"2201",2014,0.152
"2202",2014,-0.086
"2203",2014,NA
"2204",2014,0.013
"2205",2014,0.045
"2206",2014,0.245
"2207",2014,-0.111
"2208",2014,0.073
"2209",2014,0.205
"2210",2014,-0.092
"2211",2014,-0.104
"2212",2014,NA
"2213",2014,NA
"2214",2014,NA
"2215",2014,NA
"2216",2014,NA
"2217",2014,NA
"2218",2014,0.473
"2219",2014,NA
"2220",2014,NA
"2221",2014,NA
"2222",2014,NA
"2223",2014,0.3
"2224",2014,NA
"2225",2014,NA
"2226",2014,NA
"2227",2014,NA
"2228",2014,0.303
"2229",2014,0.23
"2230",2014,NA
"2231",2014,0.041
"2232",2015,NA
"2233",2015,NA
"2234",2015,NA
"2235",2015,NA
"2236",2015,NA
"2237",2015,NA
"2238",2015,0.207
"2239",2015,NA
"2240",2015,NA
"2241",2015,NA
"2242",2015,NA
"2243",2015,NA
"2244",2015,NA
"2245",2015,NA
"2246",2015,NA
"2247",2015,NA
"2248",2015,0.269
"2249",2015,NA
"2250",2015,NA
"2251",2015,NA
"2252",2015,NA
"2253",2015,NA
"2254",2015,NA
"2255",2015,NA
"2256",2015,0.222
"2257",2015,-0.055
"2258",2015,-0.123
"2259",2015,NA
"2260",2015,NA
"2261",2015,0.655
"2262",2015,NA
"2263",2015,0.388
"2264",2015,0.459
"2265",2015,-0.032
"2266",2015,-0.142
"2267",2015,0.424
"2268",2015,0.084
"2269",2015,-0.008
"2270",2015,-0.008
"2271",2015,-0.108
"2272",2015,0.11
"2273",2015,0.132
"2274",2015,0.276
"2275",2015,NA
"2276",2015,NA
"2277",2015,-0.172
"2278",2015,-0.097
"2279",2015,0.049
"2280",2015,-0.121
"2281",2015,0.137
"2282",2015,-0.067
"2283",2015,-0.113
"2284",2015,-0.081
"2285",2015,0.063
"2286",2015,NA
"2287",2015,-0.092
"2288",2015,-0.111
"2289",2015,-0.067
"2290",2015,-0.1
"2291",2015,-0.017
"2292",2015,0.026
"2293",2015,-0.06
"2294",2015,-0.057
"2295",2015,0.081
"2296",2015,-0.087
"2297",2015,-0.041
"2298",2015,0.031
"2299",2015,0.018
"2300",2015,0.021
"2301",2015,0.014
"2302",2015,0.006
"2303",2015,0.079
"2304",2015,0.273
"2305",2015,-0.017
"2306",2015,-0.07
"2307",2015,-0.096
"2308",2015,-0.038
"2309",2015,0.02
"2310",2015,-0.084
"2311",2015,-0.006
"2312",2015,-0.011
"2313",2015,-0.07
"2314",2015,-0.051
"2315",2015,0.016
"2316",2015,0.032
"2317",2015,0.136
"2318",2015,NA
"2319",2015,-0.1
"2320",2015,-0.041
"2321",2015,0.019
"2322",2015,-0.108
"2323",2015,-0.029
"2324",2015,-0.02
"2325",2015,-0.101
"2326",2015,-0.041
"2327",2015,-0.1
"2328",2015,0
"2329",2015,0.136
"2330",2015,-0.003
"2331",2015,-0.069
"2332",2015,-0.134
"2333",2015,-0.049
"2334",2015,0.041
"2335",2015,-0.114
"2336",2015,-0.019
"2337",2015,-0.034
"2338",2015,-0.132
"2339",2015,-0.108
"2340",2015,-0.089
"2341",2015,NA
"2342",2015,NA
"2343",2015,-0.121
"2344",2015,-0.031
"2345",2015,-0.038
"2346",2015,-0.068
"2347",2015,-0.077
"2348",2015,-0.108
"2349",2015,0.01
"2350",2015,0.147
"2351",2015,-0.002
"2352",2015,-0.082
"2353",2015,-0.14
"2354",2015,-0.052
"2355",2015,0.052
"2356",2015,-0.123
"2357",2015,-0.008
"2358",2015,-0.039
"2359",2015,-0.14
"2360",2015,NA
"2361",2015,NA
"2362",2015,0.02
"2363",2015,0.141
"2364",2015,0.01
"2365",2015,NA
"2366",2015,-0.156
"2367",2015,-0.075
"2368",2015,0.032
"2369",2015,-0.112
"2370",2015,-0.026
"2371",2015,-0.02
"2372",2015,-0.143
"2373",2015,NA
"2374",2015,-0.094
"2375",2015,0.036
"2376",2015,0.186
"2377",2015,NA
"2378",2015,-0.088
"2379",2015,-0.131
"2380",2015,-0.106
"2381",2015,0.039
"2382",2015,0.041
"2383",2015,-0.139
"2384",2015,-0.123
"2385",2015,-0.095
"2386",2015,0.029
"2387",2015,0.188
"2388",2015,-0.014
"2389",2015,-0.087
"2390",2015,-0.145
"2391",2015,-0.073
"2392",2015,0.046
"2393",2015,-0.151
"2394",2015,-0.129
"2395",2015,-0.03
"2396",2015,-0.087
"2397",2015,-0.161
"2398",2015,-0.082
"2399",2015,0.047
"2400",2015,-0.12
"2401",2015,-0.021
"2402",2015,-0.026
"2403",2015,-0.133
"2404",2015,-0.111
"2405",2015,-0.075
"2406",2015,0.062
"2407",2015,0.254
"2408",2015,-0.015
"2409",2015,NA
"2410",2015,-0.163
"2411",2015,NA
"2412",2015,0.09
"2413",2015,-0.001
"2414",2015,NA
"2415",2015,-0.148
"2416",2015,-0.123
"2417",2015,-0.048
"2418",2015,0.076
"2419",2015,0.054
"2420",2015,-0.004
"2421",2015,NA
"2422",2015,0.176
"2423",2015,0.099
"2424",2015,-0.072
"2425",2015,NA
"2426",2015,NA
"2427",2015,0.518
"2428",2015,NA
"2429",2015,NA
"2430",2015,0.046
"2431",2015,NA
"2432",2016,NA
"2433",2016,-0.126
"2434",2016,0.044
"2435",2016,NA
"2436",2016,NA
"2437",2016,NA
"2438",2016,NA
"2439",2016,-0.063
"2440",2016,0.301
"2441",2016,0.037
"2442",2016,NA
"2443",2016,0.042
"2444",2016,0.037
"2445",2016,NA
"2446",2016,NA
"2447",2016,0.403
"2448",2016,NA
"2449",2016,0.269
"2450",2016,0.374
"2451",2016,0.081
"2452",2016,NA
"2453",2016,0.02
"2454",2016,NA
"2455",2016,NA
"2456",2016,0.384
"2457",2016,0.018
"2458",2016,-0.124
"2459",2016,NA
"2460",2016,0.055
"2461",2016,NA
"2462",2016,NA
"2463",2016,-0.057
"2464",2016,-0.085
"2465",2016,-0.071
"2466",2016,0.066
"2467",2016,0.331
"2468",2016,-0.12
"2469",2016,-0.125
"2470",2016,0.016
"2471",2016,-0.109
"2472",2016,-0.095
"2473",2016,0.419
"2474",2016,-0.115
"2475",2016,-0.041
"2476",2016,-0.059
"2477",2016,0.009
"2478",2016,-0.05
"2479",2016,-0.12
"2480",2016,-0.047
"2481",2016,0.081
"2482",2016,-0.087
"2483",2016,-0.025
"2484",2016,NA
"2485",2016,-0.078
"2486",2016,0.07
"2487",2016,0.316
"2488",2016,-0.062
"2489",2016,-0.081
"2490",2016,0.06
"2491",2016,0.078
"2492",2016,0.022
"2493",2016,0.107
"2494",2016,0.078
"2495",2016,0.021
"2496",2016,-0.086
"2497",2016,-0.067
"2498",2016,-0.028
"2499",2016,0.041
"2500",2016,0.061
"2501",2016,0.129
"2502",2016,-0.007
"2503",2016,-0.055
"2504",2016,-0.137
"2505",2016,-0.045
"2506",2016,0.047
"2507",2016,-0.157
"2508",2016,-0.067
"2509",2016,NA
"2510",2016,-0.128
"2511",2016,-0.03
"2512",2016,-0.027
"2513",2016,-0.089
"2514",2016,-0.062
"2515",2016,-0.122
"2516",2016,0.027
"2517",2016,0.161
"2518",2016,0.028
"2519",2016,-0.063
"2520",2016,-0.162
"2521",2016,-0.082
"2522",2016,-0.005
"2523",2016,-0.132
"2524",2016,-0.03
"2525",2016,-0.038
"2526",2016,0.369
"2527",2016,0.342
"2528",2016,-0.135
"2529",2016,-0.006
"2530",2016,0.145
"2531",2016,0.011
"2532",2016,-0.084
"2533",2016,-0.176
"2534",2016,-0.078
"2535",2016,0.069
"2536",2016,-0.142
"2537",2016,-0.027
"2538",2016,-0.031
"2539",2016,-0.136
"2540",2016,-0.089
"2541",2016,0.014
"2542",2016,-0.087
"2543",2016,-0.166
"2544",2016,-0.058
"2545",2016,0.08
"2546",2016,-0.146
"2547",2016,-0.025
"2548",2016,-0.042
"2549",2016,-0.075
"2550",2016,-0.064
"2551",2016,-0.13
"2552",2016,0.01
"2553",2016,0.125
"2554",2016,0.002
"2555",2016,-0.09
"2556",2016,-0.164
"2557",2016,-0.075
"2558",2016,0.014
"2559",2016,-0.16
"2560",2016,-0.136
"2561",2016,-0.121
"2562",2016,0.022
"2563",2016,0.13
"2564",2016,-0.001
"2565",2016,-0.173
"2566",2016,-0.094
"2567",2016,0.019
"2568",2016,-0.144
"2569",2016,-0.012
"2570",2016,NA
"2571",2016,-0.162
"2572",2016,-0.136
"2573",2016,0.036
"2574",2016,0.187
"2575",2016,0.023
"2576",2016,-0.084
"2577",2016,-0.186
"2578",2016,-0.081
"2579",2016,0.054
"2580",2016,-0.053
"2581",2016,NA
"2582",2016,-0.08
"2583",2016,0.092
"2584",2016,-0.197
"2585",2016,-0.09
"2586",2016,0.09
"2587",2016,-0.159
"2588",2016,-0.038
"2589",2016,NA
"2590",2016,-0.174
"2591",2016,-0.141
"2592",2016,-0.137
"2593",2016,NA
"2594",2016,0.127
"2595",2016,0.081
"2596",2016,-0.162
"2597",2016,0.003
"2598",2016,-0.038
"2599",2016,0.131
"2600",2016,NA
"2601",2016,-0.073
"2602",2016,-0.008
"2603",2016,0.106
"2604",2016,-0.112
"2605",2016,-0.043
"2606",2016,-0.018
"2607",2016,-0.182
"2608",2016,-0.147
"2609",2016,-0.174
"2610",2016,-0.024
"2611",2016,NA
"2612",2016,0.584
"2613",2016,NA
"2614",2016,NA
"2615",2016,-0.17
"2616",2016,NA
"2617",2016,NA
"2618",2016,NA
"2619",2016,NA
"2620",2016,-0.042
"2621",2016,0.415
"2622",2016,0.382
"2623",2016,-0.056
"2624",2016,-0.089
"2625",2016,0.072
"2626",2016,0.318
"2627",2016,0.129
"2628",2016,NA
"2629",2016,NA
"2630",2016,NA
"2631",2016,NA
"2632",2016,NA
"2633",2016,NA
"2634",2016,NA
"2635",2016,NA
"2636",2016,NA
"2637",2016,NA
"2638",2016,NA
"2639",2017,NA
"2640",2017,NA
"2641",2017,NA
"2642",2017,NA
"2643",2017,NA
"2644",2017,NA
"2645",2017,NA
"2646",2017,NA
"2647",2017,NA
"2648",2017,NA
"2649",2017,NA
"2650",2017,NA
"2651",2017,NA
"2652",2017,NA
"2653",2017,NA
"2654",2017,NA
"2655",2017,NA
"2656",2017,NA
"2657",2017,NA
"2658",2017,NA
"2659",2017,NA
"2660",2017,NA
"2661",2017,NA
"2662",2017,NA
"2663",2017,NA
"2664",2017,NA
"2665",2017,NA
"2666",2017,NA
"2667",2017,0.56
"2668",2017,0.039
"2669",2017,0.469
"2670",2017,NA
"2671",2017,0.343
"2672",2017,0.217
"2673",2017,-0.005
"2674",2017,-0.12
"2675",2017,0.543
"2676",2017,0.017
"2677",2017,-0.044
"2678",2017,-0.041
"2679",2017,0.082
"2680",2017,-0.163
"2681",2017,-0.034
"2682",2017,0.009
"2683",2017,-0.186
"2684",2017,-0.162
"2685",2017,-0.151
"2686",2017,NA
"2687",2017,0.282
"2688",2017,-0.094
"2689",2017,-0.121
"2690",2017,-0.026
"2691",2017,-0.012
"2692",2017,-0.148
"2693",2017,-0.14
"2694",2017,-0.145
"2695",2017,-0.124
"2696",2017,0.03
"2697",2017,NA
"2698",2017,-0.017
"2699",2017,-0.11
"2700",2017,-0.156
"2701",2017,-0.074
"2702",2017,0.054
"2703",2017,NA
"2704",2017,NA
"2705",2017,NA
"2706",2017,-0.133
"2707",2017,NA
"2708",2017,0.02
"2709",2017,0.244
"2710",2017,-0.068
"2711",2017,-0.096
"2712",2017,-0.083
"2713",2017,NA
"2714",2017,-0.034
"2715",2017,-0.135
"2716",2017,-0.099
"2717",2017,-0.147
"2718",2017,0
"2719",2017,0.106
"2720",2017,-0.04
"2721",2017,-0.09
"2722",2017,-0.172
"2723",2017,-0.078
"2724",2017,0.038
"2725",2017,-0.147
"2726",2017,-0.035
"2727",2017,-0.031
"2728",2017,-0.134
"2729",2017,-0.12
"2730",2017,NA
"2731",2017,-0.004
"2732",2017,0.122
"2733",2017,-0.197
"2734",2017,-0.102
"2735",2017,0.029
"2736",2017,-0.13
"2737",2017,0.005
"2738",2017,0
"2739",2017,-0.213
"2740",2017,-0.147
"2741",2017,-0.143
"2742",2017,-0.043
"2743",2017,NA
"2744",2017,-0.015
"2745",2017,-0.086
"2746",2017,-0.202
"2747",2017,-0.099
"2748",2017,0.038
"2749",2017,NA
"2750",2017,-0.035
"2751",2017,-0.015
"2752",2017,-0.215
"2753",2017,-0.181
"2754",2017,0.042
"2755",2017,0.133
"2756",2017,-0.008
"2757",2017,-0.091
"2758",2017,-0.212
"2759",2017,-0.094
"2760",2017,0.079
"2761",2017,-0.158
"2762",2017,-0.015
"2763",2017,-0.023
"2764",2017,-0.166
"2765",2017,-0.142
"2766",2017,NA
"2767",2017,0.001
"2768",2017,0.145
"2769",2017,-0.012
"2770",2017,-0.092
"2771",2017,-0.217
"2772",2017,NA
"2773",2017,0.031
"2774",2017,-0.163
"2775",2017,-0.025
"2776",2017,-0.024
"2777",2017,-0.202
"2778",2017,NA
"2779",2017,0.122
"2780",2017,-0.206
"2781",2017,NA
"2782",2017,0.007
"2783",2017,-0.163
"2784",2017,-0.023
"2785",2017,-0.039
"2786",2017,-0.218
"2787",2017,-0.179
"2788",2017,-0.146
"2789",2017,0.001
"2790",2017,0.116
"2791",2017,-0.019
"2792",2017,-0.098
"2793",2017,-0.213
"2794",2017,-0.117
"2795",2017,0.027
"2796",2017,-0.167
"2797",2017,-0.025
"2798",2017,-0.04
"2799",2017,-0.155
"2800",2017,-0.146
"2801",2017,-0.147
"2802",2017,0.022
"2803",2017,0.13
"2804",2017,-0.034
"2805",2017,-0.213
"2806",2017,-0.117
"2807",2017,0.011
"2808",2017,-0.165
"2809",2017,-0.02
"2810",2017,-0.07
"2811",2017,-0.204
"2812",2017,-0.181
"2813",2017,-0.123
"2814",2017,0.124
"2815",2017,-0.205
"2816",2017,-0.11
"2817",2017,0.058
"2818",2017,NA
"2819",2017,-0.015
"2820",2017,-0.069
"2821",2017,-0.23
"2822",2017,-0.189
"2823",2017,0.119
"2824",2017,-0.121
"2825",2017,0.218
"2826",2017,-0.167
"2827",2017,-0.009
"2828",2017,0.003
"2829",2017,-0.119
"2830",2017,-0.119
"2831",2017,0.165
"2832",2017,-0.062
"2833",2017,-0.11
"2834",2017,-0.205
"2835",2017,-0.087
"2836",2017,-0.161
"2837",2017,-0.029
"2838",2017,0.011
"2839",2017,-0.208
"2840",2017,-0.005
"2841",2017,0.231
"2842",2017,-0.068
"2843",2017,-0.104
"2844",2017,0.555
"2845",2017,0.108
"2846",2017,0.087
"2847",2017,NA
"2848",2017,NA
"2849",2017,NA
"2850",2017,NA
"2851",2017,NA
"2852",2017,NA
"2853",2017,0.64
"2854",2017,NA
"2855",2017,NA
"2856",2017,NA
"2857",2017,NA
"2858",2017,NA
"2859",2017,NA
"2860",2017,NA
"2861",2018,NA
"2862",2018,NA
"2863",2018,NA
"2864",2018,NA
"2865",2018,NA
"2866",2018,NA
"2867",2018,NA
"2868",2018,NA
"2869",2018,NA
"2870",2018,NA
"2871",2018,NA
"2872",2018,NA
"2873",2018,NA
"2874",2018,NA
"2875",2018,NA
"2876",2018,NA
"2877",2018,NA
"2878",2018,NA
"2879",2018,NA
"2880",2018,NA
"2881",2018,NA
"2882",2018,NA
"2883",2018,NA
"2884",2018,NA
"2885",2018,NA
"2886",2018,NA
"2887",2018,NA
"2888",2018,NA
"2889",2018,NA
"2890",2018,NA
"2891",2018,NA
"2892",2018,NA
"2893",2018,NA
"2894",2018,NA
"2895",2018,NA
"2896",2018,NA
"2897",2018,NA
"2898",2018,NA
"2899",2018,0.181
"2900",2018,NA
"2901",2018,-0.074
"2902",2018,-0.109
"2903",2018,-0.221
"2904",2018,-0.089
"2905",2018,0.122
"2906",2018,-0.154
"2907",2018,-0.02
"2908",2018,0.155
"2909",2018,-0.224
"2910",2018,-0.191
"2911",2018,-0.144
"2912",2018,NA
"2913",2018,0.341
"2914",2018,NA
"2915",2018,-0.098
"2916",2018,-0.184
"2917",2018,-0.106
"2918",2018,0.1
"2919",2018,-0.088
"2920",2018,-0.072
"2921",2018,NA
"2922",2018,-0.107
"2923",2018,-0.102
"2924",2018,0.037
"2925",2018,0.253
"2926",2018,-0.076
"2927",2018,-0.1
"2928",2018,-0.137
"2929",2018,NA
"2930",2018,0.101
"2931",2018,-0.094
"2932",2018,-0.034
"2933",2018,NA
"2934",2018,-0.089
"2935",2018,-0.016
"2936",2018,0.105
"2937",2018,-0.068
"2938",2018,-0.076
"2939",2018,-0.141
"2940",2018,NA
"2941",2018,NA
"2942",2018,-0.111
"2943",2018,-0.031
"2944",2018,NA
"2945",2018,0.142
"2946",2018,-0.06
"2947",2018,-0.113
"2948",2018,-0.016
"2949",2018,NA
"2950",2018,-0.043
"2951",2018,-0.067
"2952",2018,-0.17
"2953",2018,NA
"2954",2018,NA
"2955",2018,-0.05
"2956",2018,-0.017
"2957",2018,NA
"2958",2018,-0.182
"2959",2018,-0.155
"2960",2018,-0.127
"2961",2018,-0.015
"2962",2018,0.105
"2963",2018,-0.022
"2964",2018,-0.06
"2965",2018,-0.176
"2966",2018,NA
"2967",2018,0.064
"2968",2018,-0.126
"2969",2018,-0.044
"2970",2018,NA
"2971",2018,-0.191
"2972",2018,NA
"2973",2018,0.145
"2974",2018,-0.01
"2975",2018,-0.06
"2976",2018,-0.128
"2977",2018,NA
"2978",2018,0.032
"2979",2018,-0.132
"2980",2018,-0.039
"2981",2018,NA
"2982",2018,-0.166
"2983",2018,-0.163
"2984",2018,NA
"2985",2018,-0.01
"2986",2018,0.072
"2987",2018,-0.005
"2988",2018,-0.067
"2989",2018,-0.185
"2990",2018,NA
"2991",2018,0.001
"2992",2018,-0.132
"2993",2018,-0.032
"2994",2018,-0.043
"2995",2018,NA
"2996",2018,-0.15
"2997",2018,0.145
"2998",2018,-0.001
"2999",2018,-0.07
"3000",2018,-0.183
"3001",2018,NA
"3002",2018,0.061
"3003",2018,-0.137
"3004",2018,-0.028
"3005",2018,NA
"3006",2018,0.197
"3007",2018,NA
"3008",2018,-0.132
"3009",2018,-0.008
"3010",2018,0.096
"3011",2018,-0.064
"3012",2018,-0.187
"3013",2018,NA
"3014",2018,0.069
"3015",2018,-0.13
"3016",2018,-0.022
"3017",2018,-0.029
"3018",2018,-0.202
"3019",2018,-0.163
"3020",2018,-0.126
"3021",2018,0.001
"3022",2018,0.099
"3023",2018,-0.001
"3024",2018,-0.07
"3025",2018,-0.138
"3026",2018,-0.048
"3027",2018,NA
"3028",2018,NA
"3029",2018,-0.005
"3030",2018,NA
"3031",2018,NA
"3032",2018,-0.156
"3033",2018,NA
"3034",2018,-0.063
"3035",2018,-0.193
"3036",2018,-0.087
"3037",2018,0.132
"3038",2018,-0.204
"3039",2018,-0.158
"3040",2018,-0.127
"3041",2018,0.017
"3042",2018,0.153
"3043",2018,-0.045
"3044",2018,-0.082
"3045",2018,-0.194
"3046",2018,-0.093
"3047",2018,0.093
"3048",2018,-0.136
"3049",2018,0.002
"3050",2018,0.071
"3051",2018,-0.06
"3052",2018,0.146
"3053",2018,-0.131
"3054",2018,0.044
"3055",2018,0.185
"3056",2018,-0.076
"3057",2018,-0.099
"3058",2018,-0.121
"3059",2018,-0.06
"3060",2018,NA
"3061",2018,-0.1
"3062",2018,0.022
"3063",2018,-0.013
"3064",2018,-0.208
"3065",2018,-0.164
"3066",2018,-0.144
"3067",2018,0.028
"3068",2018,0.195
"3069",2018,NA
"3070",2018,NA
"3071",2018,-0.007
"3072",2018,-0.043
"3073",2018,-0.054
"3074",2018,NA
"3075",2018,-0.129
"3076",2018,0.161
"3077",2018,0.226
"3078",2018,NA
"3079",2018,NA
"3080",2018,0.12
"3081",2018,NA
"3082",2018,NA
"3083",2018,0.67
"3084",2018,NA
"3085",2018,NA
"3086",2018,-0.048
"3087",2018,-0.06
"3088",2018,NA
"3089",2018,NA
"3090",2018,NA
"3091",2018,NA
"3092",2018,NA
"3093",2018,NA
"3094",2018,NA
"3095",2018,NA
"3096",2019,NA
"3097",2019,NA
"3098",2019,NA
"3099",2019,NA
"3100",2019,NA
"3101",2019,NA
"3102",2019,NA
"3103",2019,-0.069
"3104",2019,NA
"3105",2019,NA
"3106",2019,NA
"3107",2019,-0.01
"3108",2019,0.041
"3109",2019,-0.02
"3110",2019,NA
"3111",2019,NA
"3112",2019,NA
"3113",2019,0.228
"3114",2019,0.572
"3115",2019,0.501
"3116",2019,0.267
"3117",2019,0.112
"3118",2019,0.206
"3119",2019,-0.202
"3120",2019,-0.096
"3121",2019,0.07
"3122",2019,-0.152
"3123",2019,0.029
"3124",2019,-0.074
"3125",2019,-0.191
"3126",2019,-0.115
"3127",2019,-0.089
"3128",2019,0.028
"3129",2019,0.076
"3130",2019,-0.163
"3131",2019,-0.126
"3132",2019,-0.047
"3133",2019,0.095
"3134",2019,NA
"3135",2019,NA
"3136",2019,0.233
"3137",2019,0.037
"3138",2019,0.093
"3139",2019,-0.086
"3140",2019,-0.047
"3141",2019,-0.099
"3142",2019,0.055
"3143",2019,0.296
"3144",2019,-0.005
"3145",2019,-0.057
"3146",2019,-0.094
"3147",2019,-0.028
"3148",2019,0.092
"3149",2019,-0.062
"3150",2019,-0.013
"3151",2019,-0.003
"3152",2019,-0.05
"3153",2019,-0.042
"3154",2019,-0.073
"3155",2019,0.051
"3156",2019,0.189
"3157",2019,0.008
"3158",2019,-0.089
"3159",2019,-0.116
"3160",2019,-0.046
"3161",2019,0.054
"3162",2019,-0.124
"3163",2019,-0.095
"3164",2019,NA
"3165",2019,0.004
"3166",2019,0.087
"3167",2019,-0.004
"3168",2019,-0.061
"3169",2019,NA
"3170",2019,NA
"3171",2019,0.01
"3172",2019,-0.105
"3173",2019,-0.012
"3174",2019,-0.035
"3175",2019,-0.154
"3176",2019,-0.12
"3177",2019,-0.155
"3178",2019,NA
"3179",2019,0.035
"3180",2019,-0.109
"3181",2019,-0.011
"3182",2019,-0.034
"3183",2019,-0.156
"3184",2019,-0.129
"3185",2019,-0.063
"3186",2019,NA
"3187",2019,0.006
"3188",2019,-0.076
"3189",2019,NA
"3190",2019,NA
"3191",2019,0.053
"3192",2019,-0.046
"3193",2019,-0.031
"3194",2019,NA
"3195",2019,NA
"3196",2019,0.115
"3197",2019,-0.164
"3198",2019,-0.079
"3199",2019,0.014
"3200",2019,-0.139
"3201",2019,-0.177
"3202",2019,NA
"3203",2019,-0.135
"3204",2019,-0.027
"3205",2019,0.019
"3206",2019,-0.083
"3207",2019,-0.171
"3208",2019,-0.08
"3209",2019,0.026
"3210",2019,-0.104
"3211",2019,-0.016
"3212",2019,NA
"3213",2019,-0.182
"3214",2019,NA
"3215",2019,-0.131
"3216",2019,-0.003
"3217",2019,0.08
"3218",2019,NA
"3219",2019,NA
"3220",2019,0.079
"3221",2019,NA
"3222",2019,0.063
"3223",2019,-0.132
"3224",2019,-0.006
"3225",2019,NA
"3226",2019,-0.176
"3227",2019,-0.144
"3228",2019,NA
"3229",2019,0.101
"3230",2019,0.01
"3231",2019,-0.088
"3232",2019,-0.174
"3233",2019,NA
"3234",2019,0.086
"3235",2019,-0.137
"3236",2019,NA
"3237",2019,-0.048
"3238",2019,0.014
"3239",2019,-0.124
"3240",2019,NA
"3241",2019,0.075
"3242",2019,-0.041
"3243",2019,-0.029
"3244",2019,0.075
"3245",2019,-0.186
"3246",2019,NA
"3247",2019,NA
"3248",2019,NA
"3249",2019,0.116
"3250",2019,NA
"3251",2019,NA
"3252",2019,NA
"3253",2019,NA
"3254",2019,-0.058
"3255",2019,-0.19
"3256",2019,-0.146
"3257",2019,-0.139
"3258",2019,-0.006
"3259",2019,0.091
"3260",2019,NA
"3261",2019,-0.098
"3262",2019,-0.183
"3263",2019,-0.099
"3264",2019,0.071
"3265",2019,-0.075
"3266",2019,NA
"3267",2019,NA
"3268",2019,NA
"3269",2019,0.386
"3270",2019,0.292
"3271",2019,0.212
"3272",2019,-0.032
"3273",2019,NA
"3274",2019,-0.136
"3275",2019,0.07
"3276",2019,NA
"3277",2019,NA
"3278",2019,NA
"3279",2019,NA
"3280",2019,NA
"3281",2019,0.152
"3282",2019,0.126
"3283",2019,-0.062
"3284",2019,NA
"3285",2019,NA
"3286",2019,0.197
"3287",2019,0.243
"3288",2019,NA
"3289",2019,0.417
"3290",2019,NA
"3291",2019,NA
"3292",2019,NA
"3293",2019,NA
"3294",2019,NA
"3295",2019,NA
"3296",2019,NA
"3297",2019,0.258
"3298",2019,NA
"3299",2019,NA
"3300",2020,NA
"3301",2020,NA
"3302",2020,NA
"3303",2020,0.219
"3304",2020,NA
"3305",2020,NA
"3306",2020,NA
"3307",2020,NA
"3308",2020,0.699
"3309",2020,0.551
"3310",2020,NA
"3311",2020,0.177
"3312",2020,NA
"3313",2020,NA
"3314",2020,NA
"3315",2020,-0.022
"3316",2020,0.122
"3317",2020,NA
"3318",2020,NA
"3319",2020,NA
"3320",2020,0.123
"3321",2020,0.138
"3322",2020,0.167
"3323",2020,NA
"3324",2020,-0.105
"3325",2020,-0.113
"3326",2020,-0.092
"3327",2020,-0.025
"3328",2020,-0.156
"3329",2020,NA
"3330",2020,-0.015
"3331",2020,-0.171
"3332",2020,-0.117
"3333",2020,-0.134
"3334",2020,0.048
"3335",2020,0.132
"3336",2020,NA
"3337",2020,-0.116
"3338",2020,-0.148
"3339",2020,-0.04
"3340",2020,-0.103
"3341",2020,-0.176
"3342",2020,NA
"3343",2020,-0.142
"3344",2020,NA
"3345",2020,0.049
"3346",2020,0.011
"3347",2020,-0.01
"3348",2020,NA
"3349",2020,-0.121
"3350",2020,-0.003
"3351",2020,NA
"3352",2020,-0.038
"3353",2020,-0.022
"3354",2020,-0.111
"3355",2020,NA
"3356",2020,0.177
"3357",2020,0.192
"3358",2020,NA
"3359",2020,-0.09
"3360",2020,-0.065
"3361",2020,-0.113
"3362",2020,0.012
"3363",2020,-0.038
"3364",2020,-0.1
"3365",2020,-0.138
"3366",2020,-0.102
"3367",2020,-0.125
"3368",2020,NA
"3369",2020,NA
"3370",2020,-0.123
"3371",2020,-0.11
"3372",2020,0.055
"3373",2020,-0.161
"3374",2020,NA
"3375",2020,0.035
"3376",2020,-0.133
"3377",2020,-0.034
"3378",2020,-0.033
"3379",2020,-0.161
"3380",2020,-0.126
"3381",2020,-0.138
"3382",2020,-0.03
"3383",2020,0.057
"3384",2020,-0.026
"3385",2020,-0.056
"3386",2020,-0.174
"3387",2020,-0.103
"3388",2020,0.03
"3389",2020,NA
"3390",2020,-0.02
"3391",2020,-0.041
"3392",2020,-0.183
"3393",2020,NA
"3394",2020,NA
"3395",2020,-0.022
"3396",2020,0.048
"3397",2020,0.008
"3398",2020,-0.075
"3399",2020,-0.144
"3400",2020,-0.07
"3401",2020,0.053
"3402",2020,-0.051
"3403",2020,-0.191
"3404",2020,NA
"3405",2020,-0.156
"3406",2020,-0.046
"3407",2020,0.043
"3408",2020,0.011
"3409",2020,-0.089
"3410",2020,-0.177
"3411",2020,-0.091
"3412",2020,0.012
"3413",2020,-0.143
"3414",2020,-0.018
"3415",2020,-0.05
"3416",2020,-0.21
"3417",2020,-0.146
"3418",2020,-0.158
"3419",2020,-0.054
"3420",2020,0.019
"3421",2020,-0.183
"3422",2020,-0.13
"3423",2020,-0.142
"3424",2020,-0.019
"3425",2020,-0.052
"3426",2020,-0.194
"3427",2020,-0.145
"3428",2020,0.039
"3429",2020,-0.16
"3430",2020,-0.082
"3431",2020,NA
"3432",2020,-0.144
"3433",2020,-0.022
"3434",2020,-0.049
"3435",2020,-0.203
"3436",2020,NA
"3437",2020,-0.141
"3438",2020,-0.029
"3439",2020,0.034
"3440",2020,NA
"3441",2020,-0.187
"3442",2020,-0.106
"3443",2020,0.063
"3444",2020,-0.2
"3445",2020,-0.153
"3446",2020,-0.143
"3447",2020,NA
"3448",2020,0.017
"3449",2020,-0.008
"3450",2020,-0.164
"3451",2020,-0.117
"3452",2020,0.048
"3453",2020,-0.147
"3454",2020,-0.043
"3455",2020,NA
"3456",2020,NA
"3457",2020,NA
"3458",2020,-0.188
"3459",2020,-0.12
"3460",2020,0.059
"3461",2020,-0.148
"3462",2020,NA
"3463",2020,-0.074
"3464",2020,-0.198
"3465",2020,-0.155
"3466",2020,NA
"3467",2020,-0.037
"3468",2020,-0.096
"3469",2020,-0.192
"3470",2020,NA
"3471",2020,0.046
"3472",2020,NA
"3473",2020,NA
"3474",2020,NA
"3475",2020,-0.182
"3476",2020,-0.1
"3477",2020,0.002
"3478",2020,-0.039
"3479",2020,-0.104
"3480",2020,-0.194
"3481",2020,-0.123
"3482",2020,0.089
"3483",2020,NA
"3484",2020,NA
"3485",2020,NA
"3486",2020,0.059
"3487",2020,0.006
"3488",2020,NA
"3489",2020,-0.061
"3490",2020,NA
"3491",2020,NA
"3492",2020,-0.005
"3493",2020,NA
"3494",2020,NA
"3495",2020,NA
"3496",2020,NA
"3497",2020,NA
"3498",2020,NA
"3499",2020,NA
"3500",2020,NA
"3501",2020,0.112
"3502",2020,NA
"3503",2020,NA
"3504",2020,NA
"3505",2020,0.729
"3506",2020,NA
"3507",2020,NA
"3508",2020,NA
"3509",2020,NA
"3510",2020,NA
"3511",2020,NA
"3512",2020,NA
"3513",2020,NA
"3514",2020,NA
"3515",2020,NA
"3516",2020,NA
"3517",2020,NA
"3518",2020,-0.037
